Arquivo na pasta audio;Texto-base para gravação;Observação
lab-camadas.mp3;Aqui o corpo se abre em camadas. Toque no coração, nos pulmões ou no diafragma e ligue e desligue as camadas para ver quem fica ao lado de quem.;"Orientação da missão Camadas (também na aula guiada)."
lab-montagem.mp3;Agora é com você: coloque os dois pulmões, o coração e o diafragma no lugar certo. As sombras no tórax mostram onde cada um se encaixa.;"Orientação da missão Monte o tórax."
lab-montagem-fim.mp3;Tórax reconstruído! Repare como tudo se encaixa: os pulmões abraçam o coração, e o diafragma fecha o tórax por baixo.;"Ao encaixar a quarta peça."
lab-coracao.mp3;Vamos entrar no coração. Toque em cada uma das quatro cavidades e acompanhe o ciclo, do enchimento ao relaxamento.;"Aula guiada, passo Coração."
lab-missao.mp3;Siga o oxigênio em oito etapas, do ar que entra pelo nariz até a célula. No final, responda à pergunta.;"Aula guiada, passo Do ar à célula."
lab-missao-1.mp3;Tudo começa no nariz. Veja por onde o ar entra e como ele desce até a traqueia.;"Etapa 1 de Do ar à célula: O ar entra. Em seguida toca a ficha já gravada (nariz)."
lab-missao-2.mp3;O ar chegou aos pulmões. Localize os dois e prepare-se: vamos olhar bem de perto.;"Etapa 2 de Do ar à célula: Chegada aos pulmões. Em seguida toca a ficha já gravada (pulmoes)."
lab-missao-3.mp3;Estamos dentro de um alvéolo. Ative a passagem do oxigênio para o sangue e a do gás carbônico para o ar, e veja as duas trocas acontecerem.;"Etapa 3 de Do ar à célula: Troca no alvéolo. Em seguida toca a ficha já gravada (alveolos)."
lab-missao-4.mp3;O sangue, agora rico em oxigênio, volta dos pulmões e chega ao átrio esquerdo.;"Etapa 4 de Do ar à célula: Retorno ao coração. Em seguida toca a ficha já gravada (atrioE)."
lab-missao-5.mp3;Encontre o ventrículo esquerdo. É ele que bombeia o sangue com força para o corpo inteiro.;"Etapa 5 de Do ar à célula: Bombeamento. Em seguida toca a ficha já gravada (ventE)."
lab-missao-6.mp3;Pela aorta, o sangue sai do coração e se espalha em artérias cada vez menores.;"Etapa 6 de Do ar à célula: Distribuição pela aorta. Em seguida toca a ficha já gravada (aorta)."
lab-missao-7.mp3;Chegamos a um capilar, bem fininho. Aqui o oxigênio deixa o sangue e entra nas células dos tecidos.;"Etapa 7 de Do ar à célula: Chegada às células. Em seguida toca a ficha já gravada (corpo_celulas)."
desafio-celulas-explica.mp3;Lembre o caminho: o oxigênio entra no sangue nos alvéolos, volta ao coração, é bombeado pela aorta e chega a cada célula do corpo.;"Explicação após responder a pergunta final de Do ar à célula."
boas-vindas.mp3;Bem-vindo ao Corpo Humano Imersivo! Aqui você vai descobrir como o seu corpo funciona por dentro: vai ver o ar entrar pelos pulmões, o coração bombear o sangue, o alimento virar energia, e os ossos e músculos trabalharem juntos a cada movimento. Escolha um sistema na lateral, toque nos órgãos e explore. Vamos começar?;"Boas-vindas ao abrir a aplicação (uma vez por sessão); emenda na orientação da missão atual."
vr-dentro-torax.mp3;Você está dentro do tórax. Olhe em volta: as costelas protegem o coração e os pulmões, e a traqueia desce logo acima de você. Aponte para qualquer estrutura para ouvir sobre ela.;"VR: ao tocar "Entrar no corpo" numa missão do tórax."
vr-dentro-corpo.mp3;Você está ao lado de um corpo gigante. Dê a volta, olhe de perto as articulações e aponte para o que quiser conhecer.;"VR: ao tocar "Entrar no corpo" numa missão de corpo inteiro (esqueleto, músculos)."
vr-fora.mp3;De volta ao tamanho natural.;"VR: ao sair de dentro do corpo."
