"Arquivo na pasta audio";"Texto-base para gravação";"Observação"
"boas-vindas.mp3";"Bem-vindo ao Terra por Dentro! Aqui você vai abrir o planeta ao meio, conhecer cada camada, montar a Terra de fora para dentro e fazer uma viagem até o centro, onde ninguém nunca chegou. Vamos começar?";"Boas-vindas ao abrir a aplicação e a cada entrada no VR."
"aula-contexto.mp3";"Veja a Terra do espaço, abra o planeta ao meio e olhe de perto a crosta onde a gente vive.";"Orientação da missão Localize-se (também na aula guiada)."
"aula-explorar.mp3";"Aponte em pelo menos três camadas da Terra aberta e ouça o que cada uma é.";"Orientação da missão Investigue as camadas (também na aula guiada)."
"aula-montar.mp3";"Coloque as cinco camadas na ordem, da superfície ao centro.";"Orientação da missão Monte as camadas (também na aula guiada)."
"aula-viagem.mp3";"Faça a viagem completa, trecho a trecho, até o centro da Terra. Repare na temperatura e na pressão subindo.";"Orientação da missão Desça ao centro (também na aula guiada)."
"aula-desafio.mp3";"Responda às situações finais e consulte o seu resumo.";"Orientação da missão Mostre o que entendeu (também na aula guiada)."
"contexto-0.mp3";"Esta é a Terra vista do espaço: uma bola de rocha e metal com 12.742 quilômetros de diâmetro. A gente vive na superfície e quase nunca pensa no que tem lá embaixo. Vamos abrir o planeta ao meio.";"Contexto, etapa 1: Planeta Terra."
"contexto-1.mp3";"Aberta ao meio, a Terra mostra as suas camadas: a crosta fininha por fora, o manto enorme no meio, e no centro o núcleo, de ferro e níquel, com a parte de fora líquida e a de dentro sólida. Olhe agora bem de perto a camada onde a gente vive.";"Contexto, etapa 2: A Terra por dentro."
"contexto-2.mp3";"A crosta é a casca da Terra. Comparando com uma maçã, ela é mais fina que a casca da fruta: no oceano tem uns 7 quilômetros, nos continentes de 30 a 70. Tudo o que o ser humano já perfurou, cerca de 12 quilômetros, não chegou nem a atravessá-la.";"Contexto, etapa 3: A casca fina."
"terra.mp3";"A Terra tem 6.371 quilômetros de raio e é feita de camadas, como uma cebola: crosta, manto e núcleo. Quanto mais fundo, mais quente e mais apertado.";"Ficha: Terra (Planeta)."
"crosta.mp3";"A crosta é a camada de fora, onde a gente vive. É de rocha sólida e fininha: de 5 a 70 quilômetros. Debaixo dos oceanos é mais fina e mais pesada; nos continentes é mais grossa e mais leve.";"Ficha: Crosta (Camada externa · sólida)."
"crosta_continental.mp3";"Esta é a crosta continental: a parte grossa, de granito, que forma os continentes. Chega a 70 quilômetros debaixo das grandes montanhas. É a rocha mais antiga do planeta: algumas têm 4 bilhões de anos.";"Ficha: Crosta continental (Crosta · 30 a 70 km)."
"crosta_oceanica.mp3";"Esta é a crosta oceânica: fina, escura, de basalto. Fica no fundo dos mares. Ela nasce nas dorsais, onde a lava sobe, e é jovem: nenhuma parte tem mais de 200 milhões de anos.";"Ficha: Crosta oceânica (Crosta · 5 a 10 km)."
"litosfera.mp3";"A litosfera é a crosta mais o pedacinho de cima do manto, tudo rígido, com uns 100 quilômetros. É ela que está quebrada em placas, as placas tectônicas, que se movem devagar sobre a camada mole de baixo.";"Ficha: Litosfera (Crosta + topo do manto · rígida)."
"astenosfera.mp3";"Logo abaixo da litosfera vem a astenosfera. A rocha aqui é tão quente que fica mole, como uma massa de modelar. É sobre ela que as placas deslizam.";"Ficha: Astenosfera (Manto superior · plástica)."
"manto_superior.mp3";"O manto superior vai até 660 quilômetros de profundidade. É rocha quente, de 1.000 a 1.600 graus, que se mexe muito devagar, como caramelo. Esse movimento empurra as placas lá em cima.";"Ficha: Manto superior (Manto · até 660 km)."
"manto_inferior.mp3";"O manto inferior é a maior camada da Terra: vai de 660 até 2.900 quilômetros. Sozinho, o manto todo tem 84 por cento do volume do planeta. Aqui a temperatura chega a 3.700 graus, mas a pressão é tão grande que a rocha continua sólida.";"Ficha: Manto inferior (Manto · 660 a 2.900 km)."
"nucleo_externo.mp3";"O núcleo externo é um oceano de metal derretido: ferro e níquel líquidos a mais de 4.000 graus. Ele gira e se mexe, e é esse movimento que cria o campo magnético da Terra, o escudo que protege a gente do vento solar.";"Ficha: Núcleo externo (Núcleo · líquido · 2.900 a 5.150 km)."
"nucleo_interno.mp3";"No centro de tudo, o núcleo interno: uma bola de ferro sólido com 1.220 quilômetros de raio, quase do tamanho da Lua. É o lugar mais quente da Terra, uns 5.400 graus, tão quente quanto a superfície do Sol. Mas é sólido, porque a pressão é gigantesca.";"Ficha: Núcleo interno (Núcleo · sólido · 5.150 a 6.371 km)."
"moho.mp3";"A Moho é a linha que separa a crosta do manto. Ela foi descoberta em 1909 por Andrija Mohorovičić, que percebeu que as ondas dos terremotos aceleravam de repente ao cruzar essa profundidade.";"Ficha: Descontinuidade de Moho (Fronteira crosta · manto)."
"ondas_sismicas.mp3";"Ninguém nunca viu o interior da Terra. Tudo o que sabemos veio dos terremotos: as ondas que eles produzem atravessam o planeta e mudam de velocidade e de direção em cada camada. Os sismógrafos do mundo inteiro registram isso, e os cientistas montam a imagem de dentro.";"Ficha: Ondas sísmicas (Como conhecemos o interior)."
"campo_magnetico.mp3";"A Terra é um ímã gigante por causa do núcleo externo: o ferro líquido em movimento gera o campo magnético. É ele que faz a bússola apontar para o norte e que desvia as partículas do Sol, formando as auroras nos polos.";"Ficha: Campo magnético (Escudo da Terra)."
"kola.mp3";"O buraco mais fundo que o ser humano já cavou fica na Rússia: o poço de Kola, com 12 quilômetros. Parece muito, mas é só 0,2 por cento do caminho até o centro. Lá no fundo a rocha estava a 180 graus, e as brocas não aguentaram mais.";"Ficha: Poço de Kola (Até onde chegamos)."
"montar-concluido.mp3";"Camadas completas: crosta, manto superior, manto inferior, núcleo externo e núcleo interno. Quanto mais fundo, mais quente e mais apertado.";"Monte as camadas: ao concluir."
"viagem-0.mp3";"Estamos descendo pela crosta. Rocha sólida, fria, cheia de rachaduras com água. Aos 12 quilômetros passamos pelo ponto mais fundo que o ser humano já perfurou: o poço de Kola. Daqui para baixo, ninguém nunca esteve.";"Viagem ao centro, trecho 1: Crosta: até o fundo do poço."
"viagem-1.mp3";"Continuamos na crosta continental. A rocha fica cada vez mais quente, e a pressão já apertaria qualquer coisa que a gente conhece. Aos 35 quilômetros, cruzamos a Moho: acabou a crosta, começa o manto.";"Viagem ao centro, trecho 2: Crosta: até a Moho."
"viagem-2.mp3";"Entramos no manto. Nos primeiros quilômetros ele ainda é rígido: é a base da litosfera, da placa que carrega os continentes. Perto dos 100 quilômetros a rocha passa de 1.300 graus e começa a ficar mole: é a astenosfera.";"Viagem ao centro, trecho 3: Litosfera e astenosfera."
"viagem-3.mp3";"Manto superior: rocha vermelha, quente, que se mexe devagar como caramelo. É esse movimento que, lá em cima, arrasta as placas e levanta montanhas. Aos 660 quilômetros os minerais mudam de forma por causa da pressão.";"Viagem ao centro, trecho 4: Manto superior."
"viagem-4.mp3";"Este é o trecho mais longo da viagem: o manto inferior, mais de 2.000 quilômetros de rocha. Está a milhares de graus, mas a pressão é tão grande que ela continua sólida. Lá embaixo, uma luz alaranjada: estamos chegando ao núcleo.";"Viagem ao centro, trecho 5: Manto inferior."
"viagem-5.mp3";"Mergulhamos no núcleo externo: um mar de ferro e níquel derretidos. Correntes de metal líquido giram em volta de nós. É daqui que vem o campo magnético, o escudo invisível que protege a vida na superfície.";"Viagem ao centro, trecho 6: Núcleo externo."
"viagem-6.mp3";"Chegamos ao núcleo interno: ferro sólido, mais quente que a superfície do Sol, e sólido só porque toda a Terra está em cima dele. Mais alguns quilômetros e estamos no centro exato do planeta. Daqui, qualquer direção é para cima.";"Viagem ao centro, trecho 7: Núcleo interno."
"viagem-fim.mp3";"Viagem completa: 6.371 quilômetros, da crosta ao centro. Crosta, manto superior, manto inferior, núcleo externo e núcleo interno. Agora você sabe o que existe debaixo dos seus pés.";"Viagem ao centro: ao concluir."
"desafio-liquida.mp3";"Qual camada da Terra está no estado líquido?";"Desafio: leitura da situação."
"desafio-kola.mp3";"O buraco mais fundo já feito pelo ser humano tem 12 km. Até onde ele chegou?";"Desafio: leitura da situação."
"desafio-manto.mp3";"Qual camada ocupa a maior parte do volume da Terra?";"Desafio: leitura da situação."
"desafio-magnetico.mp3";"O que produz o campo magnético da Terra?";"Desafio: leitura da situação."
"desafio-sismicas.mp3";"Como os cientistas conhecem o interior da Terra, se ninguém nunca esteve lá?";"Desafio: leitura da situação."
"desafio-interno.mp3";"O núcleo interno é a parte mais quente da Terra. Por que ele é sólido?";"Desafio: leitura da situação."
"desafio-oceanica.mp3";"Comparando a crosta oceânica com a continental, a oceânica é…";"Desafio: leitura da situação."
"desafio-temperatura.mp3";"O que acontece com a temperatura conforme descemos para o centro da Terra?";"Desafio: leitura da situação."
"desafio-fim.mp3";"Desafio concluído. Compare suas respostas com as explicações e retome as missões que geraram dúvidas.";"Desafio: ao concluir."
"vr-dentro.mp3";"A Terra agora tem mais de três metros. Chegue perto e olhe as camadas: a crosta fininha por fora, o manto enorme, o núcleo brilhando no centro. Aponte para qualquer camada para ouvir sobre ela.";"VR: botão Terra gigante."
"vr-fora.mp3";"De volta ao tamanho normal.";"VR: ao voltar ao tamanho normal."